id,serviceId,attrs,ruleKind,unit,setup,fixed,originalRowId,isActive,createdAt,updatedAt
188,180,"{""Sides"":""Single Sided (S/S)"",""Color"":""Color"",""Size"":""A4""}","perUnit",0,0,0,"row_188",true,"2025-09-22T23:20:52.179Z","2025-09-22T23:20:52.179Z"
189,180,"{""Sides"":""Single Sided (S/S)"",""Color"":""Color"",""Size"":""A5""}","perUnit",0,0,0,"row_189",true,"2025-09-22T23:20:52.186Z","2025-09-22T23:20:52.186Z"
190,181,"{""Sides"":""Single Sided (S/S)"",""Color"":""BW""}","perUnit",0,0,0,"row_190",true,"2025-09-22T23:37:32.294Z","2025-09-22T23:37:32.294Z"
191,181,"{""Sides"":""Double Sided (D/S)"",""Color"":""BW""}","perUnit",0,0,0,"row_191",true,"2025-09-22T23:37:32.305Z","2025-09-22T23:37:32.305Z"
192,182,"{""Sides"":""Double Sided (D/S)"",""Color"":""BW""}","perUnit",0,0,0,"row_192",true,"2025-09-22T23:37:51.472Z","2025-09-22T23:37:51.472Z"
193,182,"{""Sides"":""Double Sided (D/S)"",""Color"":""Color""}","perUnit",0,0,0,"row_193",true,"2025-09-22T23:37:51.480Z","2025-09-22T23:37:51.480Z"
194,182,"{""Sides"":""Double Sided (D/S)"",""Color"":""Color+BW""}","perUnit",0,0,0,"row_194",true,"2025-09-22T23:37:51.486Z","2025-09-22T23:37:51.486Z"
195,183,"{""Sides"":""Single Sided (S/S)"",""Color"":""BW"",""Size"":""A4""}","perUnit",0,0,0,"row_195",true,"2025-09-22T23:39:35.287Z","2025-09-22T23:39:35.287Z"
196,183,"{""Sides"":""Single Sided (S/S)"",""Color"":""Color"",""Size"":""A4""}","perUnit",0,0,0,"row_196",true,"2025-09-22T23:39:35.295Z","2025-09-22T23:39:35.295Z"
197,183,"{""Sides"":""Single Sided (S/S)"",""Color"":""BW"",""Size"":""A5""}","perUnit",0,0,0,"row_197",true,"2025-09-22T23:39:35.307Z","2025-09-22T23:39:35.307Z"
198,184,"{""Sides"":""Single Sided (S/S)"",""Color"":""BW""}","perUnit",0,0,0,"row_198",true,"2025-09-22T23:39:59.259Z","2025-09-22T23:39:59.259Z"
199,184,"{""Sides"":""Single Sided (S/S)"",""Color"":""Color""}","perUnit",0,0,0,"row_199",true,"2025-09-22T23:39:59.268Z","2025-09-22T23:39:59.268Z"
200,184,"{""Sides"":""Double Sided (D/S)"",""Color"":""Color""}","perUnit",0,0,0,"row_200",true,"2025-09-22T23:39:59.274Z","2025-09-22T23:39:59.274Z"
201,185,"{""Sides"":""Single Sided (S/S)"",""Color"":""BW""}","perUnit",0,0,0,"row_201",true,"2025-09-22T23:40:18.451Z","2025-09-22T23:40:18.451Z"
202,185,"{""Sides"":""Double Sided (D/S)"",""Color"":""BW""}","perUnit",0,0,0,"row_202",true,"2025-09-22T23:40:18.460Z","2025-09-22T23:40:18.460Z"
203,186,"{""Sides"":""Single Sided (S/S)"",""Color"":""BW""}","perUnit",0,0,0,"row_203",true,"2025-09-22T23:40:36.099Z","2025-09-22T23:40:36.099Z"
204,186,"{""Sides"":""Double Sided (D/S)"",""Color"":""BW""}","perUnit",0,0,0,"row_204",true,"2025-09-22T23:40:36.105Z","2025-09-22T23:40:36.105Z"
207,189,"{""Size"":""A4"",""Sides"":""Single Sided (S/S)"",""Paper"":""100gsm Matte""}","perUnit",0,0,0,"row_207",true,"2025-09-22T23:51:49.154Z","2025-09-22T23:51:49.154Z"
208,189,"{""Size"":""A4"",""Sides"":""Single Sided (S/S)"",""Paper"":""150gsm Gloss""}","perUnit",0,0,0,"row_208",true,"2025-09-22T23:51:49.159Z","2025-09-22T23:51:49.159Z"
209,189,"{""Size"":""A4"",""Sides"":""Double Sided (D/S)"",""Paper"":""100gsm Matte""}","perUnit",0,0,0,"row_209",true,"2025-09-22T23:51:49.192Z","2025-09-22T23:51:49.192Z"
210,189,"{""Size"":""A4"",""Sides"":""Double Sided (D/S)"",""Paper"":""150gsm Gloss""}","perUnit",0,0,0,"row_210",true,"2025-09-22T23:51:49.195Z","2025-09-22T23:51:49.195Z"
211,189,"{""Size"":""A5"",""Sides"":""Single Sided (S/S)"",""Paper"":""100gsm Matte""}","perUnit",0,0,0,"row_211",true,"2025-09-22T23:51:49.221Z","2025-09-22T23:51:49.221Z"
212,189,"{""Size"":""A5"",""Sides"":""Single Sided (S/S)"",""Paper"":""150gsm Gloss""}","perUnit",0,0,0,"row_212",true,"2025-09-22T23:51:49.223Z","2025-09-22T23:51:49.223Z"
213,189,"{""Size"":""A5"",""Sides"":""Double Sided (D/S)"",""Paper"":""100gsm Matte""}","perUnit",0,0,0,"row_213",true,"2025-09-22T23:51:49.255Z","2025-09-22T23:51:49.255Z"
214,189,"{""Size"":""A5"",""Sides"":""Double Sided (D/S)"",""Paper"":""150gsm Gloss""}","perUnit",0,0,0,"row_214",true,"2025-09-22T23:51:49.257Z","2025-09-22T23:51:49.257Z"
215,189,"{""Size"":""DL"",""Sides"":""Single Sided (S/S)"",""Paper"":""100gsm Matte""}","perUnit",0,0,0,"row_215",true,"2025-09-22T23:51:49.287Z","2025-09-22T23:51:49.287Z"
216,189,"{""Size"":""DL"",""Sides"":""Single Sided (S/S)"",""Paper"":""150gsm Gloss""}","perUnit",0,0,0,"row_216",true,"2025-09-22T23:51:49.289Z","2025-09-22T23:51:49.289Z"
217,189,"{""Size"":""DL"",""Sides"":""Double Sided (D/S)"",""Paper"":""100gsm Matte""}","perUnit",0,0,0,"row_217",true,"2025-09-22T23:51:49.318Z","2025-09-22T23:51:49.318Z"
218,189,"{""Size"":""DL"",""Sides"":""Double Sided (D/S)"",""Paper"":""150gsm Gloss""}","perUnit",0,0,0,"row_218",true,"2025-09-22T23:51:49.320Z","2025-09-22T23:51:49.320Z"
219,189,"{""Size"":""A6"",""Sides"":""Single Sided (S/S)"",""Paper"":""100gsm Matte""}","perUnit",0,0,0,"row_219",true,"2025-09-22T23:51:49.349Z","2025-09-22T23:51:49.349Z"
220,189,"{""Size"":""A6"",""Sides"":""Single Sided (S/S)"",""Paper"":""150gsm Gloss""}","perUnit",0,0,0,"row_220",true,"2025-09-22T23:51:49.352Z","2025-09-22T23:51:49.352Z"
221,189,"{""Size"":""A6"",""Sides"":""Double Sided (D/S)"",""Paper"":""100gsm Matte""}","perUnit",0,0,0,"row_221",true,"2025-09-22T23:51:49.371Z","2025-09-22T23:51:49.371Z"
222,189,"{""Size"":""A6"",""Sides"":""Double Sided (D/S)"",""Paper"":""150gsm Gloss""}","perUnit",0,0,0,"row_222",true,"2025-09-22T23:51:49.373Z","2025-09-22T23:51:49.373Z"
223,190,"{""Size"":""A4"",""Sides"":""Single Sided (S/S)"",""Paper"":""100gsm Matt""}","perUnit",0,0,0,"row_223",true,"2025-09-23T00:06:38.822Z","2025-09-23T00:06:38.822Z"
224,190,"{""Size"":""A4"",""Sides"":""Single Sided (S/S)"",""Paper"":""150gsm Gloss""}","perUnit",0,0,0,"row_224",true,"2025-09-23T00:06:38.827Z","2025-09-23T00:06:38.827Z"
225,190,"{""Size"":""A4"",""Sides"":""Double Sided (D/S)"",""Paper"":""100gsm Matt""}","perUnit",0,0,0,"row_225",true,"2025-09-23T00:06:38.859Z","2025-09-23T00:06:38.859Z"
226,190,"{""Size"":""A4"",""Sides"":""Double Sided (D/S)"",""Paper"":""150gsm Gloss""}","perUnit",0,0,0,"row_226",true,"2025-09-23T00:06:38.861Z","2025-09-23T00:06:38.861Z"
227,190,"{""Size"":""A5"",""Sides"":""Single Sided (S/S)"",""Paper"":""100gsm Matt""}","perUnit",0,0,0,"row_227",true,"2025-09-23T00:06:38.891Z","2025-09-23T00:06:38.891Z"
228,190,"{""Size"":""A5"",""Sides"":""Single Sided (S/S)"",""Paper"":""150gsm Gloss""}","perUnit",0,0,0,"row_228",true,"2025-09-23T00:06:38.893Z","2025-09-23T00:06:38.893Z"
229,190,"{""Size"":""A5"",""Sides"":""Double Sided (D/S)"",""Paper"":""100gsm Matt""}","perUnit",0,0,0,"row_229",true,"2025-09-23T00:06:38.922Z","2025-09-23T00:06:38.922Z"
230,190,"{""Size"":""A5"",""Sides"":""Double Sided (D/S)"",""Paper"":""150gsm Gloss""}","perUnit",0,0,0,"row_230",true,"2025-09-23T00:06:38.925Z","2025-09-23T00:06:38.925Z"
231,190,"{""Size"":""DL"",""Sides"":""Single Sided (S/S)"",""Paper"":""100gsm Matt""}","perUnit",0,0,0,"row_231",true,"2025-09-23T00:06:38.954Z","2025-09-23T00:06:38.954Z"
232,190,"{""Size"":""DL"",""Sides"":""Single Sided (S/S)"",""Paper"":""150gsm Gloss""}","perUnit",0,0,0,"row_232",true,"2025-09-23T00:06:38.956Z","2025-09-23T00:06:38.956Z"
233,190,"{""Size"":""DL"",""Sides"":""Double Sided (D/S)"",""Paper"":""100gsm Matt""}","perUnit",0,0,0,"row_233",true,"2025-09-23T00:06:38.982Z","2025-09-23T00:06:38.982Z"
234,190,"{""Size"":""DL"",""Sides"":""Double Sided (D/S)"",""Paper"":""150gsm Gloss""}","perUnit",0,0,0,"row_234",true,"2025-09-23T00:06:38.985Z","2025-09-23T00:06:38.985Z"
235,190,"{""Size"":""A6"",""Sides"":""Single Sided (S/S)"",""Paper"":""100gsm Matt""}","perUnit",0,0,0,"row_235",true,"2025-09-23T00:06:39.012Z","2025-09-23T00:06:39.012Z"
236,190,"{""Size"":""A6"",""Sides"":""Single Sided (S/S)"",""Paper"":""150gsm Gloss""}","perUnit",0,0,0,"row_236",true,"2025-09-23T00:06:39.014Z","2025-09-23T00:06:39.014Z"
237,190,"{""Size"":""A6"",""Sides"":""Double Sided (D/S)"",""Paper"":""100gsm Matt""}","perUnit",0,0,0,"row_237",true,"2025-09-23T00:06:39.030Z","2025-09-23T00:06:39.030Z"
238,190,"{""Size"":""A6"",""Sides"":""Double Sided (D/S)"",""Paper"":""150gsm Gloss""}","perUnit",0,0,0,"row_238",true,"2025-09-23T00:06:39.033Z","2025-09-23T00:06:39.033Z"
239,191,"{""Size"":""A0"",""Paper"":""190gsm Gloss""}","perUnit",0,0,0,"row_239",true,"2025-09-23T00:15:53.341Z","2025-09-23T00:15:53.341Z"
240,191,"{""Size"":""A1"",""Paper"":""190gsm Gloss""}","perUnit",0,0,0,"row_240",true,"2025-09-23T00:15:53.351Z","2025-09-23T00:15:53.351Z"
241,191,"{""Size"":""A2"",""Paper"":""190gsm Gloss""}","perUnit",0,0,0,"row_241",true,"2025-09-23T00:15:53.358Z","2025-09-23T00:15:53.358Z"
242,191,"{""Size"":""A3"",""Paper"":""190gsm Gloss""}","perUnit",0,0,0,"row_242",true,"2025-09-23T00:15:53.367Z","2025-09-23T00:15:53.367Z"
243,191,"{""Size"":""A0"",""Paper"":""170gsm Gloss""}","fixed",0,0,0,"row_243",true,"2025-09-23T00:15:53.372Z","2025-09-23T00:15:53.372Z"
244,191,"{""Size"":""A1"",""Paper"":""170gsm Gloss""}","fixed",0,0,0,"row_244",true,"2025-09-23T00:15:53.377Z","2025-09-23T00:15:53.377Z"
245,191,"{""Size"":""A2"",""Paper"":""170gsm Gloss""}","fixed",0,0,0,"row_245",true,"2025-09-23T00:15:53.382Z","2025-09-23T00:15:53.382Z"
246,191,"{""Size"":""A3"",""Paper"":""170gsm Gloss""}","fixed",0,0,0,"row_246",true,"2025-09-23T00:15:53.387Z","2025-09-23T00:15:53.387Z"
247,191,"{""Size"":""A0"",""Paper"":""90gsm Paper""}","fixed",0,0,0,"row_247",true,"2025-09-23T00:15:53.392Z","2025-09-23T00:15:53.392Z"
248,191,"{""Size"":""A1"",""Paper"":""90gsm Paper""}","fixed",0,0,0,"row_248",true,"2025-09-23T00:15:53.398Z","2025-09-23T00:15:53.398Z"
249,191,"{""Size"":""A2"",""Paper"":""90gsm Paper""}","fixed",0,0,0,"row_249",true,"2025-09-23T00:15:53.404Z","2025-09-23T00:15:53.404Z"
250,191,"{""Size"":""A3"",""Paper"":""90gsm Paper""}","fixed",0,0,0,"row_250",true,"2025-09-23T00:15:53.409Z","2025-09-23T00:15:53.409Z"
251,194,"{""Size"":""A4"",""Pages"":""4pp"",""Paper"":""90gsm paper""}","perUnit",0,0,0,"row_251",true,"2025-09-23T00:33:35.758Z","2025-09-23T00:33:35.758Z"
252,194,"{""Size"":""A4"",""Pages"":""4pp"",""Paper"":""150gsm gloss""}","perUnit",0,0,0,"row_252",true,"2025-09-23T00:33:35.767Z","2025-09-23T00:33:35.767Z"
253,194,"{""Size"":""A4"",""Pages"":""4pp"",""Paper"":""350gsm card""}","perUnit",0,0,0,"row_253",true,"2025-09-23T00:33:35.775Z","2025-09-23T00:33:35.775Z"
254,194,"{""Size"":""A4"",""Pages"":""4pp"",""Paper"":""270 micron""}","perUnit",0,0,0,"row_254",true,"2025-09-23T00:33:35.780Z","2025-09-23T00:33:35.780Z"
255,194,"{""Size"":""A4"",""Pages"":""8pp"",""Paper"":""90gsm paper""}","perUnit",0,0,0,"row_255",true,"2025-09-23T00:33:35.784Z","2025-09-23T00:33:35.784Z"
256,194,"{""Size"":""A4"",""Pages"":""8pp"",""Paper"":""150gsm gloss""}","perUnit",0,0,0,"row_256",true,"2025-09-23T00:33:35.789Z","2025-09-23T00:33:35.789Z"
257,194,"{""Size"":""A4"",""Pages"":""8pp"",""Paper"":""350gsm card""}","perUnit",0,0,0,"row_257",true,"2025-09-23T00:33:35.793Z","2025-09-23T00:33:35.793Z"
258,194,"{""Size"":""A4"",""Pages"":""8pp"",""Paper"":""270 micron""}","perUnit",0,0,0,"row_258",true,"2025-09-23T00:33:35.797Z","2025-09-23T00:33:35.797Z"
259,194,"{""Size"":""A4"",""Pages"":""12pp"",""Paper"":""90gsm paper""}","perUnit",0,0,0,"row_259",true,"2025-09-23T00:33:35.801Z","2025-09-23T00:33:35.801Z"
260,194,"{""Size"":""A4"",""Pages"":""12pp"",""Paper"":""150gsm gloss""}","perUnit",0,0,0,"row_260",true,"2025-09-23T00:33:35.805Z","2025-09-23T00:33:35.805Z"
261,194,"{""Size"":""A4"",""Pages"":""12pp"",""Paper"":""350gsm card""}","perUnit",0,0,0,"row_261",true,"2025-09-23T00:33:35.810Z","2025-09-23T00:33:35.810Z"
262,194,"{""Size"":""A4"",""Pages"":""12pp"",""Paper"":""270 micron""}","perUnit",0,0,0,"row_262",true,"2025-09-23T00:33:35.814Z","2025-09-23T00:33:35.814Z"
263,194,"{""Size"":""A5"",""Pages"":""4pp"",""Paper"":""90gsm paper""}","perUnit",0,0,0,"row_263",true,"2025-09-23T00:33:35.818Z","2025-09-23T00:33:35.818Z"
264,194,"{""Size"":""A5"",""Pages"":""4pp"",""Paper"":""150gsm gloss""}","perUnit",0,0,0,"row_264",true,"2025-09-23T00:33:35.822Z","2025-09-23T00:33:35.822Z"
265,194,"{""Size"":""A5"",""Pages"":""4pp"",""Paper"":""350gsm card""}","perUnit",0,0,0,"row_265",true,"2025-09-23T00:33:35.826Z","2025-09-23T00:33:35.826Z"
266,194,"{""Size"":""A5"",""Pages"":""4pp"",""Paper"":""270 micron""}","perUnit",0,0,0,"row_266",true,"2025-09-23T00:33:35.830Z","2025-09-23T00:33:35.830Z"
267,194,"{""Size"":""A5"",""Pages"":""8pp"",""Paper"":""90gsm paper""}","perUnit",0,0,0,"row_267",true,"2025-09-23T00:33:35.835Z","2025-09-23T00:33:35.835Z"
268,194,"{""Size"":""A5"",""Pages"":""8pp"",""Paper"":""150gsm gloss""}","perUnit",0,0,0,"row_268",true,"2025-09-23T00:33:35.839Z","2025-09-23T00:33:35.839Z"
269,194,"{""Size"":""A5"",""Pages"":""8pp"",""Paper"":""350gsm card""}","perUnit",0,0,0,"row_269",true,"2025-09-23T00:33:35.844Z","2025-09-23T00:33:35.844Z"
270,194,"{""Size"":""A5"",""Pages"":""8pp"",""Paper"":""270 micron""}","perUnit",0,0,0,"row_270",true,"2025-09-23T00:33:35.848Z","2025-09-23T00:33:35.848Z"
271,194,"{""Size"":""A5"",""Pages"":""12pp"",""Paper"":""90gsm paper""}","perUnit",0,0,0,"row_271",true,"2025-09-23T00:33:35.852Z","2025-09-23T00:33:35.852Z"
272,194,"{""Size"":""A5"",""Pages"":""12pp"",""Paper"":""150gsm gloss""}","perUnit",0,0,0,"row_272",true,"2025-09-23T00:33:35.856Z","2025-09-23T00:33:35.856Z"
273,194,"{""Size"":""A5"",""Pages"":""12pp"",""Paper"":""350gsm card""}","perUnit",0,0,0,"row_273",true,"2025-09-23T00:33:35.860Z","2025-09-23T00:33:35.860Z"
274,194,"{""Size"":""A5"",""Pages"":""12pp"",""Paper"":""270 micron""}","perUnit",0,0,0,"row_274",true,"2025-09-23T00:33:35.865Z","2025-09-23T00:33:35.865Z"
275,195,"{""Size"":""A5"",""Sides"":""S/S"",""Color"":""Color"",""Paper"":""90gsm paper""}","perUnit",0,0,0,"row_275",true,"2025-09-23T00:33:35.871Z","2025-09-23T00:33:35.871Z"
276,195,"{""Size"":""A5"",""Sides"":""S/S"",""Color"":""Color"",""Paper"":""150gsm gloss""}","perUnit",0,0,0,"row_276",true,"2025-09-23T00:33:35.876Z","2025-09-23T00:33:35.876Z"
277,195,"{""Size"":""A5"",""Sides"":""S/S"",""Color"":""Color"",""Paper"":""350gsm card""}","perUnit",0,0,0,"row_277",true,"2025-09-23T00:33:35.880Z","2025-09-23T00:33:35.880Z"
278,195,"{""Size"":""A5"",""Sides"":""S/S"",""Color"":""Color"",""Paper"":""270 micron""}","perUnit",0,0,0,"row_278",true,"2025-09-23T00:33:35.884Z","2025-09-23T00:33:35.884Z"
279,195,"{""Size"":""A5"",""Sides"":""D/S"",""Color"":""Color"",""Paper"":""90gsm paper""}","perUnit",0,0,0,"row_279",true,"2025-09-23T00:33:35.888Z","2025-09-23T00:33:35.888Z"
280,195,"{""Size"":""A5"",""Sides"":""D/S"",""Color"":""Color"",""Paper"":""150gsm gloss""}","perUnit",0,0,0,"row_280",true,"2025-09-23T00:33:35.892Z","2025-09-23T00:33:35.892Z"
281,195,"{""Size"":""A5"",""Sides"":""D/S"",""Color"":""Color"",""Paper"":""350gsm card""}","perUnit",0,0,0,"row_281",true,"2025-09-23T00:33:35.897Z","2025-09-23T00:33:35.897Z"
282,195,"{""Size"":""A5"",""Sides"":""D/S"",""Color"":""Color"",""Paper"":""270 micron""}","perUnit",0,0,0,"row_282",true,"2025-09-23T00:33:35.901Z","2025-09-23T00:33:35.901Z"
283,195,"{""Size"":""A4"",""Sides"":""S/S"",""Color"":""Color"",""Paper"":""90gsm paper""}","perUnit",0,0,0,"row_283",true,"2025-09-23T00:33:35.905Z","2025-09-23T00:33:35.905Z"
284,195,"{""Size"":""A4"",""Sides"":""S/S"",""Color"":""Color"",""Paper"":""150gsm gloss""}","perUnit",0,0,0,"row_284",true,"2025-09-23T00:33:35.909Z","2025-09-23T00:33:35.909Z"
285,195,"{""Size"":""A4"",""Sides"":""S/S"",""Color"":""Color"",""Paper"":""350gsm card""}","perUnit",0,0,0,"row_285",true,"2025-09-23T00:33:35.913Z","2025-09-23T00:33:35.913Z"
286,195,"{""Size"":""A4"",""Sides"":""S/S"",""Color"":""Color"",""Paper"":""270 micron""}","perUnit",0,0,0,"row_286",true,"2025-09-23T00:33:35.917Z","2025-09-23T00:33:35.917Z"
287,195,"{""Size"":""A4"",""Sides"":""D/S"",""Color"":""Color"",""Paper"":""90gsm paper""}","perUnit",0,0,0,"row_287",true,"2025-09-23T00:33:35.921Z","2025-09-23T00:33:35.921Z"
288,195,"{""Size"":""A4"",""Sides"":""D/S"",""Color"":""Color"",""Paper"":""150gsm gloss""}","perUnit",0,0,0,"row_288",true,"2025-09-23T00:33:35.926Z","2025-09-23T00:33:35.926Z"
289,195,"{""Size"":""A4"",""Sides"":""D/S"",""Color"":""Color"",""Paper"":""350gsm card""}","perUnit",0,0,0,"row_289",true,"2025-09-23T00:33:35.929Z","2025-09-23T00:33:35.929Z"
290,195,"{""Size"":""A4"",""Sides"":""D/S"",""Color"":""Color"",""Paper"":""270 micron""}","perUnit",0,0,0,"row_290",true,"2025-09-23T00:33:35.934Z","2025-09-23T00:33:35.934Z"
291,195,"{""Size"":""A3"",""Sides"":""S/S"",""Color"":""Color"",""Paper"":""90gsm paper""}","perUnit",0,0,0,"row_291",true,"2025-09-23T00:33:35.938Z","2025-09-23T00:33:35.938Z"
292,195,"{""Size"":""A3"",""Sides"":""S/S"",""Color"":""Color"",""Paper"":""150gsm gloss""}","perUnit",0,0,0,"row_292",true,"2025-09-23T00:33:35.942Z","2025-09-23T00:33:35.942Z"
293,195,"{""Size"":""A3"",""Sides"":""S/S"",""Color"":""Color"",""Paper"":""350gsm card""}","perUnit",0,0,0,"row_293",true,"2025-09-23T00:33:35.947Z","2025-09-23T00:33:35.947Z"
294,195,"{""Size"":""A3"",""Sides"":""S/S"",""Color"":""Color"",""Paper"":""270 micron""}","perUnit",0,0,0,"row_294",true,"2025-09-23T00:33:35.951Z","2025-09-23T00:33:35.951Z"
295,195,"{""Size"":""A3"",""Sides"":""D/S"",""Color"":""Color"",""Paper"":""90gsm paper""}","perUnit",0,0,0,"row_295",true,"2025-09-23T00:33:35.956Z","2025-09-23T00:33:35.956Z"
296,195,"{""Size"":""A3"",""Sides"":""D/S"",""Color"":""Color"",""Paper"":""150gsm gloss""}","perUnit",0,0,0,"row_296",true,"2025-09-23T00:33:35.961Z","2025-09-23T00:33:35.961Z"
297,195,"{""Size"":""A3"",""Sides"":""D/S"",""Color"":""Color"",""Paper"":""350gsm card""}","perUnit",0,0,0,"row_297",true,"2025-09-23T00:33:35.966Z","2025-09-23T00:33:35.966Z"
298,195,"{""Size"":""A3"",""Sides"":""D/S"",""Color"":""Color"",""Paper"":""270 micron""}","perUnit",0,0,0,"row_298",true,"2025-09-23T00:33:35.971Z","2025-09-23T00:33:35.971Z"
299,195,"{""Size"":""A5"",""Sides"":""S/S"",""Color"":""BW"",""Paper"":""90gsm paper""}","perUnit",0,0,0,"row_299",true,"2025-09-23T00:33:35.975Z","2025-09-23T00:33:35.975Z"
300,195,"{""Size"":""A5"",""Sides"":""S/S"",""Color"":""BW"",""Paper"":""150gsm gloss""}","perUnit",0,0,0,"row_300",true,"2025-09-23T00:33:35.980Z","2025-09-23T00:33:35.980Z"
301,195,"{""Size"":""A5"",""Sides"":""S/S"",""Color"":""BW"",""Paper"":""350gsm card""}","perUnit",0,0,0,"row_301",true,"2025-09-23T00:33:35.984Z","2025-09-23T00:33:35.984Z"
302,195,"{""Size"":""A5"",""Sides"":""S/S"",""Color"":""BW"",""Paper"":""270 micron""}","perUnit",0,0,0,"row_302",true,"2025-09-23T00:33:35.988Z","2025-09-23T00:33:35.988Z"
303,195,"{""Size"":""A5"",""Sides"":""D/S"",""Color"":""BW"",""Paper"":""90gsm paper""}","perUnit",0,0,0,"row_303",true,"2025-09-23T00:33:35.993Z","2025-09-23T00:33:35.993Z"
304,195,"{""Size"":""A5"",""Sides"":""D/S"",""Color"":""BW"",""Paper"":""150gsm gloss""}","perUnit",0,0,0,"row_304",true,"2025-09-23T00:33:35.997Z","2025-09-23T00:33:35.997Z"
305,195,"{""Size"":""A5"",""Sides"":""D/S"",""Color"":""BW"",""Paper"":""350gsm card""}","perUnit",0,0,0,"row_305",true,"2025-09-23T00:33:36.001Z","2025-09-23T00:33:36.001Z"
306,195,"{""Size"":""A5"",""Sides"":""D/S"",""Color"":""BW"",""Paper"":""270 micron""}","perUnit",0,0,0,"row_306",true,"2025-09-23T00:33:36.006Z","2025-09-23T00:33:36.006Z"
307,195,"{""Size"":""A4"",""Sides"":""S/S"",""Color"":""BW"",""Paper"":""90gsm paper""}","perUnit",0,0,0,"row_307",true,"2025-09-23T00:33:36.010Z","2025-09-23T00:33:36.010Z"
308,195,"{""Size"":""A4"",""Sides"":""S/S"",""Color"":""BW"",""Paper"":""150gsm gloss""}","perUnit",0,0,0,"row_308",true,"2025-09-23T00:33:36.014Z","2025-09-23T00:33:36.014Z"
309,195,"{""Size"":""A4"",""Sides"":""S/S"",""Color"":""BW"",""Paper"":""350gsm card""}","perUnit",0,0,0,"row_309",true,"2025-09-23T00:33:36.018Z","2025-09-23T00:33:36.018Z"
310,195,"{""Size"":""A4"",""Sides"":""S/S"",""Color"":""BW"",""Paper"":""270 micron""}","perUnit",0,0,0,"row_310",true,"2025-09-23T00:33:36.022Z","2025-09-23T00:33:36.022Z"
311,195,"{""Size"":""A4"",""Sides"":""D/S"",""Color"":""BW"",""Paper"":""90gsm paper""}","perUnit",0,0,0,"row_311",true,"2025-09-23T00:33:36.026Z","2025-09-23T00:33:36.026Z"
312,195,"{""Size"":""A4"",""Sides"":""D/S"",""Color"":""BW"",""Paper"":""150gsm gloss""}","perUnit",0,0,0,"row_312",true,"2025-09-23T00:33:36.030Z","2025-09-23T00:33:36.030Z"
313,195,"{""Size"":""A4"",""Sides"":""D/S"",""Color"":""BW"",""Paper"":""350gsm card""}","perUnit",0,0,0,"row_313",true,"2025-09-23T00:33:36.034Z","2025-09-23T00:33:36.034Z"
314,195,"{""Size"":""A4"",""Sides"":""D/S"",""Color"":""BW"",""Paper"":""270 micron""}","perUnit",0,0,0,"row_314",true,"2025-09-23T00:33:36.038Z","2025-09-23T00:33:36.038Z"
315,195,"{""Size"":""A3"",""Sides"":""S/S"",""Color"":""BW"",""Paper"":""90gsm paper""}","perUnit",0,0,0,"row_315",true,"2025-09-23T00:33:36.042Z","2025-09-23T00:33:36.042Z"
316,195,"{""Size"":""A3"",""Sides"":""S/S"",""Color"":""BW"",""Paper"":""150gsm gloss""}","perUnit",0,0,0,"row_316",true,"2025-09-23T00:33:36.046Z","2025-09-23T00:33:36.046Z"
317,195,"{""Size"":""A3"",""Sides"":""S/S"",""Color"":""BW"",""Paper"":""350gsm card""}","perUnit",0,0,0,"row_317",true,"2025-09-23T00:33:36.051Z","2025-09-23T00:33:36.051Z"
318,195,"{""Size"":""A3"",""Sides"":""S/S"",""Color"":""BW"",""Paper"":""270 micron""}","perUnit",0,0,0,"row_318",true,"2025-09-23T00:33:36.055Z","2025-09-23T00:33:36.055Z"
319,195,"{""Size"":""A3"",""Sides"":""D/S"",""Color"":""BW"",""Paper"":""90gsm paper""}","perUnit",0,0,0,"row_319",true,"2025-09-23T00:33:36.059Z","2025-09-23T00:33:36.059Z"
320,195,"{""Size"":""A3"",""Sides"":""D/S"",""Color"":""BW"",""Paper"":""150gsm gloss""}","perUnit",0,0,0,"row_320",true,"2025-09-23T00:33:36.063Z","2025-09-23T00:33:36.063Z"
321,195,"{""Size"":""A3"",""Sides"":""D/S"",""Color"":""BW"",""Paper"":""350gsm card""}","perUnit",0,0,0,"row_321",true,"2025-09-23T00:33:36.067Z","2025-09-23T00:33:36.067Z"
322,195,"{""Size"":""A3"",""Sides"":""D/S"",""Color"":""BW"",""Paper"":""270 micron""}","perUnit",0,0,0,"row_322",true,"2025-09-23T00:33:36.071Z","2025-09-23T00:33:36.071Z"
323,196,"{""Size"":""A5"",""Sides"":""D/S"",""Color"":""Color"",""Paper"":""100gsm/150gsm gloss""}","fixed",0,0,0,"row_323",true,"2025-09-23T00:33:36.076Z","2025-09-23T00:33:36.076Z"
324,196,"{""Size"":""A5 (A4 folded)"",""Sides"":""D/S"",""Color"":""Color"",""Paper"":""100gsm/150gsm gloss""}","fixed",0,0,0,"row_324",true,"2025-09-23T00:33:36.080Z","2025-09-23T00:33:36.080Z"
325,196,"{""Size"":""DL (A4 Z-folded)"",""Sides"":""D/S"",""Color"":""Color"",""Paper"":""100gsm/150gsm gloss""}","fixed",0,0,0,"row_325",true,"2025-09-23T00:33:36.084Z","2025-09-23T00:33:36.084Z"
326,196,"{""Size"":""A5 (A4 folded)"",""Sides"":""D/S"",""Color"":""BW"",""Paper"":""100gsm/150gsm gloss""}","fixed",0,0,0,"row_326",true,"2025-09-23T00:33:36.088Z","2025-09-23T00:33:36.088Z"
327,196,"{""Size"":""DL (A4 Z-folded)"",""Sides"":""D/S"",""Color"":""BW"",""Paper"":""100gsm/150gsm gloss""}","fixed",0,0,0,"row_327",true,"2025-09-23T00:33:36.092Z","2025-09-23T00:33:36.092Z"
328,198,"{""Size"":""A4"",""Pages"":""8pp"",""Color"":""BW""}","perUnit",0,0,0,"row_328",true,"2025-09-23T00:48:47.880Z","2025-09-23T00:48:47.880Z"
329,198,"{""Size"":""A4"",""Pages"":""12pp"",""Color"":""BW""}","perUnit",0,0,0,"row_329",true,"2025-09-23T00:48:47.884Z","2025-09-23T00:48:47.884Z"
330,198,"{""Size"":""A4"",""Pages"":""16pp"",""Color"":""BW""}","perUnit",0,0,0,"row_330",true,"2025-09-23T00:48:47.888Z","2025-09-23T00:48:47.888Z"
331,198,"{""Size"":""A4"",""Pages"":""20pp"",""Color"":""BW""}","perUnit",0,0,0,"row_331",true,"2025-09-23T00:48:47.891Z","2025-09-23T00:48:47.891Z"
332,198,"{""Size"":""A4"",""Pages"":""24pp"",""Color"":""BW""}","perUnit",0,0,0,"row_332",true,"2025-09-23T00:48:47.893Z","2025-09-23T00:48:47.893Z"
333,198,"{""Size"":""A4"",""Pages"":""28pp"",""Color"":""BW""}","perUnit",0,0,0,"row_333",true,"2025-09-23T00:48:47.895Z","2025-09-23T00:48:47.895Z"
334,198,"{""Size"":""A4"",""Pages"":""32pp"",""Color"":""BW""}","perUnit",0,0,0,"row_334",true,"2025-09-23T00:48:47.897Z","2025-09-23T00:48:47.897Z"
335,198,"{""Size"":""A4"",""Pages"":""36pp"",""Color"":""BW""}","perUnit",0,0,0,"row_335",true,"2025-09-23T00:48:47.900Z","2025-09-23T00:48:47.900Z"
336,198,"{""Size"":""A4"",""Pages"":""40pp"",""Color"":""BW""}","perUnit",0,0,0,"row_336",true,"2025-09-23T00:48:47.902Z","2025-09-23T00:48:47.902Z"
337,198,"{""Size"":""A4"",""Pages"":""44pp"",""Color"":""BW""}","perUnit",0,0,0,"row_337",true,"2025-09-23T00:48:47.904Z","2025-09-23T00:48:47.904Z"
338,198,"{""Size"":""A4"",""Pages"":""48pp"",""Color"":""BW""}","perUnit",0,0,0,"row_338",true,"2025-09-23T00:48:47.906Z","2025-09-23T00:48:47.906Z"
339,198,"{""Size"":""A4"",""Pages"":""52pp"",""Color"":""BW""}","perUnit",0,0,0,"row_339",true,"2025-09-23T00:48:47.908Z","2025-09-23T00:48:47.908Z"
340,198,"{""Size"":""A4"",""Pages"":""56pp"",""Color"":""BW""}","perUnit",0,0,0,"row_340",true,"2025-09-23T00:48:47.911Z","2025-09-23T00:48:47.911Z"
341,198,"{""Size"":""A4"",""Pages"":""60pp"",""Color"":""BW""}","perUnit",0,0,0,"row_341",true,"2025-09-23T00:48:47.913Z","2025-09-23T00:48:47.913Z"
342,198,"{""Size"":""A4"",""Pages"":""64pp"",""Color"":""BW""}","perUnit",0,0,0,"row_342",true,"2025-09-23T00:48:47.916Z","2025-09-23T00:48:47.916Z"
343,198,"{""Size"":""A4"",""Pages"":""68pp"",""Color"":""BW""}","perUnit",0,0,0,"row_343",true,"2025-09-23T00:48:47.918Z","2025-09-23T00:48:47.918Z"
344,198,"{""Size"":""A5"",""Pages"":""8pp"",""Color"":""BW""}","perUnit",0,0,0,"row_344",true,"2025-09-23T00:48:47.921Z","2025-09-23T00:48:47.921Z"
345,198,"{""Size"":""A5"",""Pages"":""12pp"",""Color"":""BW""}","perUnit",0,0,0,"row_345",true,"2025-09-23T00:48:47.923Z","2025-09-23T00:48:47.923Z"
346,198,"{""Size"":""A5"",""Pages"":""16pp"",""Color"":""BW""}","perUnit",0,0,0,"row_346",true,"2025-09-23T00:48:47.925Z","2025-09-23T00:48:47.925Z"
347,198,"{""Size"":""A5"",""Pages"":""20pp"",""Color"":""BW""}","perUnit",0,0,0,"row_347",true,"2025-09-23T00:48:47.928Z","2025-09-23T00:48:47.928Z"
348,198,"{""Size"":""A5"",""Pages"":""24pp"",""Color"":""BW""}","perUnit",0,0,0,"row_348",true,"2025-09-23T00:48:47.931Z","2025-09-23T00:48:47.931Z"
349,198,"{""Size"":""A5"",""Pages"":""28pp"",""Color"":""BW""}","perUnit",0,0,0,"row_349",true,"2025-09-23T00:48:47.933Z","2025-09-23T00:48:47.933Z"
350,198,"{""Size"":""A5"",""Pages"":""32pp"",""Color"":""BW""}","perUnit",0,0,0,"row_350",true,"2025-09-23T00:48:47.936Z","2025-09-23T00:48:47.936Z"
351,198,"{""Size"":""A5"",""Pages"":""36pp"",""Color"":""BW""}","perUnit",0,0,0,"row_351",true,"2025-09-23T00:48:47.938Z","2025-09-23T00:48:47.938Z"
352,198,"{""Size"":""A5"",""Pages"":""40pp"",""Color"":""BW""}","perUnit",0,0,0,"row_352",true,"2025-09-23T00:48:47.940Z","2025-09-23T00:48:47.940Z"
353,198,"{""Size"":""A5"",""Pages"":""44pp"",""Color"":""BW""}","perUnit",0,0,0,"row_353",true,"2025-09-23T00:48:47.942Z","2025-09-23T00:48:47.942Z"
354,198,"{""Size"":""A5"",""Pages"":""48pp"",""Color"":""BW""}","perUnit",0,0,0,"row_354",true,"2025-09-23T00:48:47.944Z","2025-09-23T00:48:47.944Z"
355,198,"{""Size"":""A5"",""Pages"":""52pp"",""Color"":""BW""}","perUnit",0,0,0,"row_355",true,"2025-09-23T00:48:47.946Z","2025-09-23T00:48:47.946Z"
356,198,"{""Size"":""A5"",""Pages"":""56pp"",""Color"":""BW""}","perUnit",0,0,0,"row_356",true,"2025-09-23T00:48:47.948Z","2025-09-23T00:48:47.948Z"
357,198,"{""Size"":""A5"",""Pages"":""60pp"",""Color"":""BW""}","perUnit",0,0,0,"row_357",true,"2025-09-23T00:48:47.950Z","2025-09-23T00:48:47.950Z"
358,198,"{""Size"":""A5"",""Pages"":""64pp"",""Color"":""BW""}","perUnit",0,0,0,"row_358",true,"2025-09-23T00:48:47.952Z","2025-09-23T00:48:47.952Z"
359,198,"{""Size"":""A5"",""Pages"":""68pp"",""Color"":""BW""}","perUnit",0,0,0,"row_359",true,"2025-09-23T00:48:47.955Z","2025-09-23T00:48:47.955Z"
360,198,"{""Size"":""A6"",""Pages"":""8pp"",""Color"":""BW""}","perUnit",0,0,0,"row_360",true,"2025-09-23T00:48:47.957Z","2025-09-23T00:48:47.957Z"
361,198,"{""Size"":""A6"",""Pages"":""12pp"",""Color"":""BW""}","perUnit",0,0,0,"row_361",true,"2025-09-23T00:48:47.959Z","2025-09-23T00:48:47.959Z"
362,198,"{""Size"":""A6"",""Pages"":""16pp"",""Color"":""BW""}","perUnit",0,0,0,"row_362",true,"2025-09-23T00:48:47.961Z","2025-09-23T00:48:47.961Z"
363,198,"{""Size"":""A6"",""Pages"":""20pp"",""Color"":""BW""}","perUnit",0,0,0,"row_363",true,"2025-09-23T00:48:47.963Z","2025-09-23T00:48:47.963Z"
364,198,"{""Size"":""A6"",""Pages"":""24pp"",""Color"":""BW""}","perUnit",0,0,0,"row_364",true,"2025-09-23T00:48:47.966Z","2025-09-23T00:48:47.966Z"
365,198,"{""Size"":""A6"",""Pages"":""28pp"",""Color"":""BW""}","perUnit",0,0,0,"row_365",true,"2025-09-23T00:48:47.968Z","2025-09-23T00:48:47.968Z"
366,198,"{""Size"":""A6"",""Pages"":""32pp"",""Color"":""BW""}","perUnit",0,0,0,"row_366",true,"2025-09-23T00:48:47.970Z","2025-09-23T00:48:47.970Z"
367,198,"{""Size"":""A6"",""Pages"":""36pp"",""Color"":""BW""}","perUnit",0,0,0,"row_367",true,"2025-09-23T00:48:47.972Z","2025-09-23T00:48:47.972Z"
368,198,"{""Size"":""A6"",""Pages"":""40pp"",""Color"":""BW""}","perUnit",0,0,0,"row_368",true,"2025-09-23T00:48:47.974Z","2025-09-23T00:48:47.974Z"
369,198,"{""Size"":""A6"",""Pages"":""44pp"",""Color"":""BW""}","perUnit",0,0,0,"row_369",true,"2025-09-23T00:48:47.976Z","2025-09-23T00:48:47.976Z"
370,198,"{""Size"":""A6"",""Pages"":""48pp"",""Color"":""BW""}","perUnit",0,0,0,"row_370",true,"2025-09-23T00:48:47.978Z","2025-09-23T00:48:47.978Z"
371,198,"{""Size"":""A6"",""Pages"":""52pp"",""Color"":""BW""}","perUnit",0,0,0,"row_371",true,"2025-09-23T00:48:47.980Z","2025-09-23T00:48:47.980Z"
372,198,"{""Size"":""A6"",""Pages"":""56pp"",""Color"":""BW""}","perUnit",0,0,0,"row_372",true,"2025-09-23T00:48:47.982Z","2025-09-23T00:48:47.982Z"
373,198,"{""Size"":""A6"",""Pages"":""60pp"",""Color"":""BW""}","perUnit",0,0,0,"row_373",true,"2025-09-23T00:48:47.984Z","2025-09-23T00:48:47.984Z"
374,198,"{""Size"":""A4"",""Pages"":""8pp"",""Color"":""Color""}","perUnit",0,0,0,"row_374",true,"2025-09-23T00:48:47.987Z","2025-09-23T00:48:47.987Z"
375,198,"{""Size"":""A4"",""Pages"":""12pp"",""Color"":""Color""}","perUnit",0,0,0,"row_375",true,"2025-09-23T00:48:47.989Z","2025-09-23T00:48:47.989Z"
376,198,"{""Size"":""A4"",""Pages"":""16pp"",""Color"":""Color""}","perUnit",0,0,0,"row_376",true,"2025-09-23T00:48:47.991Z","2025-09-23T00:48:47.991Z"
377,198,"{""Size"":""A4"",""Pages"":""20pp"",""Color"":""Color""}","perUnit",0,0,0,"row_377",true,"2025-09-23T00:48:47.993Z","2025-09-23T00:48:47.993Z"
378,198,"{""Size"":""A4"",""Pages"":""24pp"",""Color"":""Color""}","perUnit",0,0,0,"row_378",true,"2025-09-23T00:48:47.995Z","2025-09-23T00:48:47.995Z"
379,198,"{""Size"":""A4"",""Pages"":""28pp"",""Color"":""Color""}","perUnit",0,0,0,"row_379",true,"2025-09-23T00:48:47.997Z","2025-09-23T00:48:47.997Z"
380,198,"{""Size"":""A4"",""Pages"":""32pp"",""Color"":""Color""}","perUnit",0,0,0,"row_380",true,"2025-09-23T00:48:47.999Z","2025-09-23T00:48:47.999Z"
381,198,"{""Size"":""A4"",""Pages"":""36pp"",""Color"":""Color""}","perUnit",0,0,0,"row_381",true,"2025-09-23T00:48:48.001Z","2025-09-23T00:48:48.001Z"
382,198,"{""Size"":""A4"",""Pages"":""40pp"",""Color"":""Color""}","perUnit",0,0,0,"row_382",true,"2025-09-23T00:48:48.003Z","2025-09-23T00:48:48.003Z"
383,198,"{""Size"":""A4"",""Pages"":""44pp"",""Color"":""Color""}","perUnit",0,0,0,"row_383",true,"2025-09-23T00:48:48.005Z","2025-09-23T00:48:48.005Z"
384,198,"{""Size"":""A4"",""Pages"":""48pp"",""Color"":""Color""}","perUnit",0,0,0,"row_384",true,"2025-09-23T00:48:48.007Z","2025-09-23T00:48:48.007Z"
385,198,"{""Size"":""A4"",""Pages"":""52pp"",""Color"":""Color""}","perUnit",0,0,0,"row_385",true,"2025-09-23T00:48:48.009Z","2025-09-23T00:48:48.009Z"
386,198,"{""Size"":""A4"",""Pages"":""56pp"",""Color"":""Color""}","perUnit",0,0,0,"row_386",true,"2025-09-23T00:48:48.011Z","2025-09-23T00:48:48.011Z"
387,198,"{""Size"":""A4"",""Pages"":""60pp"",""Color"":""Color""}","perUnit",0,0,0,"row_387",true,"2025-09-23T00:48:48.013Z","2025-09-23T00:48:48.013Z"
388,198,"{""Size"":""A4"",""Pages"":""64pp"",""Color"":""Color""}","perUnit",0,0,0,"row_388",true,"2025-09-23T00:48:48.015Z","2025-09-23T00:48:48.015Z"
389,198,"{""Size"":""A4"",""Pages"":""68pp"",""Color"":""Color""}","perUnit",0,0,0,"row_389",true,"2025-09-23T00:48:48.017Z","2025-09-23T00:48:48.017Z"
390,198,"{""Size"":""A5"",""Pages"":""8pp"",""Color"":""Color""}","perUnit",0,0,0,"row_390",true,"2025-09-23T00:48:48.020Z","2025-09-23T00:48:48.020Z"
391,198,"{""Size"":""A5"",""Pages"":""12pp"",""Color"":""Color""}","perUnit",0,0,0,"row_391",true,"2025-09-23T00:48:48.022Z","2025-09-23T00:48:48.022Z"
392,198,"{""Size"":""A5"",""Pages"":""16pp"",""Color"":""Color""}","perUnit",0,0,0,"row_392",true,"2025-09-23T00:48:48.024Z","2025-09-23T00:48:48.024Z"
393,198,"{""Size"":""A5"",""Pages"":""20pp"",""Color"":""Color""}","perUnit",0,0,0,"row_393",true,"2025-09-23T00:48:48.026Z","2025-09-23T00:48:48.026Z"
394,198,"{""Size"":""A5"",""Pages"":""24pp"",""Color"":""Color""}","perUnit",0,0,0,"row_394",true,"2025-09-23T00:48:48.028Z","2025-09-23T00:48:48.028Z"
395,198,"{""Size"":""A5"",""Pages"":""28pp"",""Color"":""Color""}","perUnit",0,0,0,"row_395",true,"2025-09-23T00:48:48.030Z","2025-09-23T00:48:48.030Z"
396,198,"{""Size"":""A5"",""Pages"":""32pp"",""Color"":""Color""}","perUnit",0,0,0,"row_396",true,"2025-09-23T00:48:48.032Z","2025-09-23T00:48:48.032Z"
397,198,"{""Size"":""A5"",""Pages"":""36pp"",""Color"":""Color""}","perUnit",0,0,0,"row_397",true,"2025-09-23T00:48:48.034Z","2025-09-23T00:48:48.034Z"
398,198,"{""Size"":""A5"",""Pages"":""40pp"",""Color"":""Color""}","perUnit",0,0,0,"row_398",true,"2025-09-23T00:48:48.036Z","2025-09-23T00:48:48.036Z"
399,198,"{""Size"":""A5"",""Pages"":""48pp"",""Color"":""Color""}","perUnit",0,0,0,"row_399",true,"2025-09-23T00:48:48.038Z","2025-09-23T00:48:48.038Z"
400,198,"{""Size"":""A5"",""Pages"":""52pp"",""Color"":""Color""}","perUnit",0,0,0,"row_400",true,"2025-09-23T00:48:48.040Z","2025-09-23T00:48:48.040Z"
401,198,"{""Size"":""A5"",""Pages"":""56pp"",""Color"":""Color""}","perUnit",0,0,0,"row_401",true,"2025-09-23T00:48:48.042Z","2025-09-23T00:48:48.042Z"
402,198,"{""Size"":""A5"",""Pages"":""60pp"",""Color"":""Color""}","perUnit",0,0,0,"row_402",true,"2025-09-23T00:48:48.044Z","2025-09-23T00:48:48.044Z"
403,198,"{""Size"":""A5"",""Pages"":""64pp"",""Color"":""Color""}","perUnit",0,0,0,"row_403",true,"2025-09-23T00:48:48.046Z","2025-09-23T00:48:48.046Z"
404,198,"{""Size"":""A5"",""Pages"":""68pp"",""Color"":""Color""}","perUnit",0,0,0,"row_404",true,"2025-09-23T00:48:48.048Z","2025-09-23T00:48:48.048Z"
405,198,"{""Size"":""A6"",""Pages"":""8pp"",""Color"":""Color""}","perUnit",0,0,0,"row_405",true,"2025-09-23T00:48:48.050Z","2025-09-23T00:48:48.050Z"
406,198,"{""Size"":""A6"",""Pages"":""12pp"",""Color"":""Color""}","perUnit",0,0,0,"row_406",true,"2025-09-23T00:48:48.052Z","2025-09-23T00:48:48.052Z"
407,198,"{""Size"":""A6"",""Pages"":""16pp"",""Color"":""Color""}","perUnit",0,0,0,"row_407",true,"2025-09-23T00:48:48.054Z","2025-09-23T00:48:48.054Z"
408,198,"{""Size"":""A6"",""Pages"":""20pp"",""Color"":""Color""}","perUnit",0,0,0,"row_408",true,"2025-09-23T00:48:48.056Z","2025-09-23T00:48:48.056Z"
409,198,"{""Size"":""A6"",""Pages"":""24pp"",""Color"":""Color""}","perUnit",0,0,0,"row_409",true,"2025-09-23T00:48:48.058Z","2025-09-23T00:48:48.058Z"
410,198,"{""Size"":""A6"",""Pages"":""28pp"",""Color"":""Color""}","perUnit",0,0,0,"row_410",true,"2025-09-23T00:48:48.060Z","2025-09-23T00:48:48.060Z"
411,198,"{""Size"":""A6"",""Pages"":""32pp"",""Color"":""Color""}","perUnit",0,0,0,"row_411",true,"2025-09-23T00:48:48.063Z","2025-09-23T00:48:48.063Z"
412,198,"{""Size"":""A6"",""Pages"":""36pp"",""Color"":""Color""}","perUnit",0,0,0,"row_412",true,"2025-09-23T00:48:48.065Z","2025-09-23T00:48:48.065Z"
413,198,"{""Size"":""A6"",""Pages"":""40pp"",""Color"":""Color""}","perUnit",0,0,0,"row_413",true,"2025-09-23T00:48:48.067Z","2025-09-23T00:48:48.067Z"
414,198,"{""Size"":""A6"",""Pages"":""44pp"",""Color"":""Color""}","perUnit",0,0,0,"row_414",true,"2025-09-23T00:48:48.069Z","2025-09-23T00:48:48.069Z"
415,198,"{""Size"":""A6"",""Pages"":""48pp"",""Color"":""Color""}","perUnit",0,0,0,"row_415",true,"2025-09-23T00:48:48.071Z","2025-09-23T00:48:48.071Z"
416,198,"{""Size"":""A6"",""Pages"":""52pp"",""Color"":""Color""}","perUnit",0,0,0,"row_416",true,"2025-09-23T00:48:48.073Z","2025-09-23T00:48:48.073Z"
417,198,"{""Size"":""A6"",""Pages"":""56pp"",""Color"":""Color""}","perUnit",0,0,0,"row_417",true,"2025-09-23T00:48:48.075Z","2025-09-23T00:48:48.075Z"
418,198,"{""Size"":""A6"",""Pages"":""60pp"",""Color"":""Color""}","perUnit",0,0,0,"row_418",true,"2025-09-23T00:48:48.077Z","2025-09-23T00:48:48.077Z"
419,200,"{""Size"":""A3"",""Paper"":""100gsm paper""}","perUnit",0,0,0,"row_419",true,"2025-09-23T00:57:01.509Z","2025-09-23T00:57:01.509Z"
420,200,"{""Size"":""A4"",""Paper"":""100gsm paper""}","perUnit",0,0,0,"row_420",true,"2025-09-23T00:57:01.522Z","2025-09-23T00:57:01.522Z"
421,199,"{""Size"":""A3"",""Paper"":""90gsm paper""}","perUnit",0,0,0,"row_421",true,"2025-09-23T00:57:01.533Z","2025-09-23T00:57:01.533Z"
422,199,"{""Size"":""A4"",""Paper"":""90gsm paper""}","perUnit",0,0,0,"row_422",true,"2025-09-23T00:57:01.543Z","2025-09-23T00:57:01.543Z"
423,202,"{""Size"":""A0"",""Color"":""Color""}","perUnit",0,0,0,"row_423",true,"2025-09-23T01:08:59.675Z","2025-09-23T01:08:59.675Z"
424,202,"{""Size"":""A1"",""Color"":""Color""}","perUnit",0,0,0,"row_424",true,"2025-09-23T01:08:59.680Z","2025-09-23T01:08:59.680Z"
425,202,"{""Size"":""A2"",""Color"":""Color""}","perUnit",0,0,0,"row_425",true,"2025-09-23T01:08:59.685Z","2025-09-23T01:08:59.685Z"
426,201,"{""Size"":""A0"",""Color"":""Color""}","perUnit",0,0,0,"row_426",true,"2025-09-23T01:08:59.688Z","2025-09-23T01:08:59.688Z"
427,201,"{""Size"":""A1"",""Color"":""Color""}","perUnit",0,0,0,"row_427",true,"2025-09-23T01:08:59.691Z","2025-09-23T01:08:59.691Z"
428,201,"{""Size"":""A2"",""Color"":""Color""}","perUnit",0,0,0,"row_428",true,"2025-09-23T01:08:59.694Z","2025-09-23T01:08:59.694Z"
429,201,"{""Size"":""A0"",""Color"":""BW""}","perUnit",0,0,0,"row_429",true,"2025-09-23T01:08:59.696Z","2025-09-23T01:08:59.696Z"
430,201,"{""Size"":""A1"",""Color"":""BW""}","perUnit",0,0,0,"row_430",true,"2025-09-23T01:08:59.699Z","2025-09-23T01:08:59.699Z"
431,201,"{""Size"":""A2"",""Color"":""BW""}","perUnit",0,0,0,"row_431",true,"2025-09-23T01:08:59.701Z","2025-09-23T01:08:59.701Z"
432,204,"{""Type"":""Birthday"",""Size"":""A6"",""Sides"":""Single Sided""}","perUnit",0,0,0,"row_432",true,"2025-09-23T01:09:37.810Z","2025-09-23T01:09:37.810Z"
433,204,"{""Type"":""Birthday"",""Size"":""A6"",""Sides"":""Double Sided""}","perUnit",0,0,0,"row_433",true,"2025-09-23T01:09:37.813Z","2025-09-23T01:09:37.813Z"
434,204,"{""Type"":""Wedding"",""Size"":""A5"",""Sides"":""Single Sided""}","perUnit",0,0,0,"row_434",true,"2025-09-23T01:09:37.817Z","2025-09-23T01:09:37.817Z"
435,204,"{""Type"":""Wedding"",""Size"":""A5"",""Sides"":""Double Sided""}","perUnit",0,0,0,"row_435",true,"2025-09-23T01:09:37.820Z","2025-09-23T01:09:37.820Z"
436,205,"{""Pages"":""4pp""}","perUnit",0,0,0,"row_436",true,"2025-09-23T01:09:37.822Z","2025-09-23T01:09:37.822Z"
437,205,"{""Pages"":""8pp""}","perUnit",0,0,0,"row_437",true,"2025-09-23T01:09:37.825Z","2025-09-23T01:09:37.825Z"
438,205,"{""Pages"":""12pp""}","perUnit",0,0,0,"row_438",true,"2025-09-23T01:09:37.827Z","2025-09-23T01:09:37.827Z"
439,205,"{""Pages"":""16pp""}","perUnit",0,0,0,"row_439",true,"2025-09-23T01:09:37.829Z","2025-09-23T01:09:37.829Z"
440,205,"{""Pages"":""20pp""}","perUnit",0,0,0,"row_440",true,"2025-09-23T01:09:37.831Z","2025-09-23T01:09:37.831Z"
441,205,"{""Pages"":""24pp""}","perUnit",0,0,0,"row_441",true,"2025-09-23T01:09:37.834Z","2025-09-23T01:09:37.834Z"
442,206,"{""Type"":""Wedding""}","perUnit",0,0,0,"row_442",true,"2025-09-23T01:09:37.837Z","2025-09-23T01:09:37.837Z"
443,207,"{""Sides"":""Single Sided"",""Color"":""BW""}","perUnit",0,0,0,"row_443",true,"2025-09-23T01:09:37.840Z","2025-09-23T01:09:37.840Z"
444,207,"{""Sides"":""Double Sided"",""Color"":""Color+Color""}","perUnit",0,0,0,"row_444",true,"2025-09-23T01:09:37.843Z","2025-09-23T01:09:37.843Z"
445,207,"{""Sides"":""Double Sided"",""Color"":""BW+BW""}","perUnit",0,0,0,"row_445",true,"2025-09-23T01:09:37.846Z","2025-09-23T01:09:37.846Z"
446,210,"{""Size"":""320x450mm"",""Pages"":""13pp""}","perUnit",0,0,0,"row_446",true,"2025-09-23T01:10:14.346Z","2025-09-23T01:10:14.346Z"
447,210,"{""Size"":""160x450mm"",""Pages"":""13pp""}","perUnit",0,0,0,"row_447",true,"2025-09-23T01:10:14.351Z","2025-09-23T01:10:14.351Z"
448,209,"{""Size"":""A6""}","perUnit",0,0,0,"row_448",true,"2025-09-23T01:10:14.355Z","2025-09-23T01:10:14.355Z"
449,208,"{""Size"":""A6"",""Sides"":""Single Sided""}","perUnit",0,0,0,"row_449",true,"2025-09-23T01:10:14.358Z","2025-09-23T01:10:14.358Z"
450,208,"{""Size"":""A6"",""Sides"":""Double Sided""}","perUnit",0,0,0,"row_450",true,"2025-09-23T01:10:14.362Z","2025-09-23T01:10:14.362Z"
451,208,"{""Size"":""A5"",""Sides"":""Single Sided""}","perUnit",0,0,0,"row_451",true,"2025-09-23T01:10:14.365Z","2025-09-23T01:10:14.365Z"
452,208,"{""Size"":""A5"",""Sides"":""Double Sided""}","perUnit",0,0,0,"row_452",true,"2025-09-23T01:10:14.368Z","2025-09-23T01:10:14.368Z"
453,208,"{""Size"":""DL"",""Sides"":""Single Sided""}","perUnit",0,0,0,"row_453",true,"2025-09-23T01:10:14.370Z","2025-09-23T01:10:14.370Z"
454,208,"{""Size"":""Square 145x145"",""Sides"":""Single Sided""}","perUnit",0,0,0,"row_454",true,"2025-09-23T01:10:14.372Z","2025-09-23T01:10:14.372Z"
455,208,"{""Size"":""Square 145x145"",""Sides"":""Double Sided""}","perUnit",0,0,0,"row_455",true,"2025-09-23T01:10:14.374Z","2025-09-23T01:10:14.374Z"
460,213,"{""Size"":""A4""}","perUnit",0,0,0,"row_460",true,"2025-09-23T01:11:02.077Z","2025-09-23T01:11:02.077Z"
461,213,"{""Size"":""A3""}","perUnit",0,0,0,"row_461",true,"2025-09-23T01:11:02.080Z","2025-09-23T01:11:02.080Z"
462,213,"{""Size"":""A2""}","perUnit",0,0,0,"row_462",true,"2025-09-23T01:11:02.084Z","2025-09-23T01:11:02.084Z"
463,213,"{""Size"":""A1""}","perUnit",0,0,0,"row_463",true,"2025-09-23T01:11:02.088Z","2025-09-23T01:11:02.088Z"
464,214,"{""Type"":""Up to 50 pages""}","perUnit",0,0,0,"row_464",true,"2025-09-23T01:11:54.205Z","2025-09-23T01:11:54.205Z"
465,214,"{""Type"":""50+ pages""}","perUnit",0,0,0,"row_465",true,"2025-09-23T01:11:54.208Z","2025-09-23T01:11:54.208Z"
466,215,"{""Type"":""Standard""}","perUnit",0,0,0,"row_466",true,"2025-09-23T01:11:54.211Z","2025-09-23T01:11:54.211Z"
467,216,"{""Type"":""1st fold""}","perUnit",0,0,0,"row_467",true,"2025-09-23T01:11:54.213Z","2025-09-23T01:11:54.213Z"
468,216,"{""Type"":""2nd fold""}","perUnit",0,0,0,"row_468",true,"2025-09-23T01:11:54.215Z","2025-09-23T01:11:54.215Z"
469,217,"{""Type"":""Standard""}","perUnit",0,0,0,"row_469",true,"2025-09-23T01:11:54.218Z","2025-09-23T01:11:54.218Z"
470,218,"{""Type"":""Standard""}","perUnit",0,0,0,"row_470",true,"2025-09-23T01:11:54.221Z","2025-09-23T01:11:54.221Z"
